NO,NAMA UPI,DESA,KECAMATAN,PENERIMAAN BANTUAN,JENIS KEGIATAN PENGOLAHAN,2025-01-01 00:00:00,2025-02-01 00:00:00,2025-03-01 00:00:00,2025-04-01 00:00:00,2025-05-01 00:00:00,2025-06-01 00:00:00,2025-07-01 00:00:00,2025-08-01 00:00:00,2025-09-01 00:00:00,2025-10-01 00:00:00,2025-11-01 00:00:00,2025-12-01 00:00:00,NO TELP ENKRIP,NAMA PEMILIK ENKRIP,clean,jenis_proses,jenis_ikan
1,Guraci Mobon ,Desa Maba Pura ,Kec. Kota Maba,Sudah,Pengasapan Cakalang ,,,,,,,,,,,,,abca38879206404ca779d5ed6dff7706e86a1487bbd97c7dcbef6ec25cc78b60,6520974a0d52b090136696d779e460a31a83f533456a938c33fbc51fd84c3311,pengasapan cakalang,pengasapan,cakalang
2,Poklahsar Leha,Desa Soagimalaha,Kec. Kota Maba,Sudah,Pengasapan Cakalang ,,,,,,,,,,,,,e28cc343ec5500bdfb21e4f4816bc526adca6614f88b206ecb20968f3f90e30f,36c5e59dddea8ba1d88cb9930865ecff485483e4e6f70147babfac6f29041d98,pengasapan cakalang,pengasapan,cakalang
3,Mustika Alam,Desa Soagimalaha,Kec. Kota Maba,Sudah,Pengasapan Cakalang ,,,,,,,,,,,,,484fd0ea928cc688879338c89a211edb2fd1c151ee0639128e808374c6386bce,bd16e2e1dbad36141bc3a43497e455062aa10e97f6b5ca745757824521ff353b,pengasapan cakalang,pengasapan,cakalang
4,Qimalaha,Desa Soagimalaha,Kec. Kota Maba,Sudah,"Pengasapan Cakalang/Juliung, Abon Ikan",,,,,,,,,,,,,51efbd2798de5f06a434c0ba2789c38738d49527cfa7cfd82042092fe42a65a0,aef88644f63ce26cc34f8890cbcf0edd83990494e60b38e9e5b71bceb4e5f8f0,"pengasapan cakalang/juliung, abon ikan","pengasapan, abon",cakalang
5,Tiga Bersaudara,Desa Maba Sangaji,Kec. Kota Maba,Sudah,Pengasapan Cakalang/Tongkol,,,,,,,,,,,,,7976ed5f27eea4900ff1f6dd7da473d39289847c96756873c5928ecb7b38e914,4245a92d24dae0d14d4616c5d234f474223c8dcf10001b81c70810d82a4671f4,pengasapan cakalang/tongkol,pengasapan,"cakalang, tongkol"
6,Bersaudara,Desa Maba Sangaji,Kec. Kota Maba,Sudah,Pengecer/Pengasapan Cakalang ,,,,,,,,,,,,,5050135c9e26edfee6735f2bf2a6f29dd437c8fe1fc0bbaebd7ea4d88af16edb,4769cebbc61fb8198f00b04d1da26655a1e4fc00e2dea6f8b1b1034f8294aced,pengecer/pengasapan cakalang,pengasapan,cakalang
7,Tiga Bagang Bersaudara,Desa Soasangaji,Kec. Kota Maba,Sudah,Pengeringan Teri,,,,,,,,,,,,,e4eff3a5a1c06d4a041e95e16b8f48dca0d025b197178036296fe490e498ccd2,817a2a8e51ff3294e333d38e1c441c93b9d4c0047227020bd5ac6951f08d256b,pengeringan teri,pengeringan,teri
8,Pengeringan Teri,Desa soalaipo,Kec. Kota Maba,Belum,Pengeringan Teri,,,,,,,,,,,,,,246193275c71e3bea466989abe1532d2c1afceb84e9c4ac98cb48f608b1b8342,pengeringan teri,pengeringan,teri
9,Pengeringan Teri,Desa soalaipo,Kec. Kota Maba,Belum,Pengeringan Teri,,,,,,,,,,,,,,89b6f0c389a63bdc98ae1bb7170087646d35fc8d29f6af50db11ceedc95a0467,pengeringan teri,pengeringan,teri
10,Pengeringan Teri,Desa soalaipo,Kec. Kota Maba,Belum,Pengeringan Teri,,,,,,,,,,,,,,0f1f6cce3e0da892c453390e1635b266a5653f5eda31e97aa4c90daa5ec3c44a,pengeringan teri,pengeringan,teri
11,Pengeringan Teri,Desa soalaipo,Kec. Kota Maba,Belum,Pengeringan Teri,,,,,,,,,,,,,,825f3822274939718f158479cf080007538e2e9acd3bbd8cd7f6702b5a807da4,pengeringan teri,pengeringan,teri
12,Pengeringan Teri,Desa soasangaji,Kec. Kota Maba,Belum,Pengeringan Teri,,,,,,,,,,,,,,84cd8cde668a6701068fd0c86c34ba506c3870d735565cff9df871ac2fc42156,pengeringan teri,pengeringan,teri
13,Buma Mandiri,Desa Maba Sangaji,Kec. Kota Maba,Belum,Penggaraman Ikan ,,,,,,,,,,,,,e68204d99607bdaf0b987e3b997937c7d25e4f95ea6dec9d870fdb48da4f77ee,cd0c09bef2733e6b2b3f47c0749861b4e802806e91d6cf9c1d77713cedbb7a4d,penggaraman ikan,penggaraman,
14,Liwuku,Desa Maba Sangaji,Kec. Kota Maba,Belum,Penggaraman Ikan ,,,,,,,,,,,,,39c52e5d479883f8831a5964d331f4a80d18169ff8594bcbc7def4452078bff3,ac169d48094fa04836f240c43b8d024caae21f1c1089cfb3cd4e391c241a49f3,penggaraman ikan,penggaraman,
15,Melati,Desa Buli,Kec. Maba,Sudah,Pengasapan Cakalang/Tongkol,,,,,,,,,,,,,a01337e76e24a0d2c5d11826e0a47b16d83cb977042d2bcbe5f59f94cabd0907,c44216ddfc24beee6927cf43ae6ce81ab9d05fe676ff39c560ab2bed771de09e,pengasapan cakalang/tongkol,pengasapan,"cakalang, tongkol"
16,Pengasapan julung,Desa Kompleks Pasar ikan buli,Kec. Maba,Belum,Pengasapan julung,,,,,,,,,,,,,,5e769d1e49fe43910a2c97c164950425a763dc7aeaa793b138bfd373077b7d4f,pengasapan julung,pengasapan,julung
17,Pengeringan Teri,Desa Buli,Kec. Maba ,Belum,Pengeringan Teri,,,,,,,,,,,,,,fadcac9ee45a7196511957c9fd3de51b696a7c06d9f70da9fbec31793108c3fa,pengeringan teri,pengeringan,teri
18,Pengeringan Teri,Desa Buli,Kec. Maba ,Belum,Pengeringan Teri,200-300,,,,,,,,,,,,1474bc180a5a3cd754096ee8655ab85881d43cd91f4052d0209eb69470aaf3d2,626859a28518226d4aa0162f29e26adcff314ad920cdee5e71e1a0f78f7b60ed,pengeringan teri,pengeringan,teri
19,Pengeringan Teri,Desa Buli,Kec. Maba ,Belum,Pengeringan Teri,,,,,,,,,,,,,,8b853d735035aea143a080d4eeaf56136841c48158650d1135df0544a478a569,pengeringan teri,pengeringan,teri
20,Pengeringan Teri,Desa Buli,Kec. Maba ,Belum,Pengeringan Teri,,,,,,,,,,,,,,091821366ee3a5efc7ba2588d78b63e44085d35c01d06e9448fe6730f0d4d31d,pengeringan teri,pengeringan,teri
21,Pengeringan Teri,Desa Buli,Kec. Maba ,Belum,Pengeringan Teri,,,,,,,,,,,,,,721c1426ecec8c3c2d52a2c4323a8173708f39d5bd565af86ece2d884d9d6e41,pengeringan teri,pengeringan,teri
22,Pengeringan Teri,Desa Buli,Kec. Maba ,Belum,Pengeringan Teri,,,,,,,,,,,,,,3b4d58a03fb6c363c2b40b6e703b46fd216aed5992748740f7b6e5c010de4bed,pengeringan teri,pengeringan,teri
23,Pengeringan Teri,Desa Buli,Kec. Maba ,Belum,Pengeringan Teri,,,,,,,,,,,,,,7771bc58a756c10bab6963141960e7da68d3ba039a2db16c83f3a5533556a36c,pengeringan teri,pengeringan,teri
24,Pengeringan Teri,Desa Buli,Kec. Maba ,Belum,Pengeringan Teri,,,,,,,,,,,,,,760de644b76790766b7b12cad19b33eb9f5aed2e1c23adfe06907687fab9f427,pengeringan teri,pengeringan,teri
25,Pengeringan Teri,Desa Buli,Kec. Maba ,Belum,Pengeringan Teri,,,,,,,,,,,,,,5621f5331fd453162854a2a84a5fd0106958fc6c4046d50e4c7333d51fc76413,pengeringan teri,pengeringan,teri
26,Pengeringan Teri,Desa Buli,Kec. Maba ,Belum,Pengeringan Teri,,,,,,,,,,,,,,3ab0b1223da96e5696913b145554f7d2a11b9cba3c85a3264e161434a053302c,pengeringan teri,pengeringan,teri
27,Pengasapan julung,Desa Bicoli,Kec. Maba Selatan,Belum,Pengasapan julung,,,,,,,,,,,,,,4561feb925dab09514bbc8795bdca833c85651a317f9d9239ac8214fc0ffa28e,pengasapan julung,pengasapan,julung
28,Jere Popo ,Desa Bicoli ,Kec. Maba Selatan,Sudah,Abon Ikan cakalang ,,,,,,,,,,,,,a503f3af73f5371c5d31e1210fd185a79f2f9b59b66c9b6753dc4bf8f7e45e41,9c1504af703196c78cf182c3b3c5baf2e271e432349e26b672374610514eab64,abon ikan cakalang,abon,cakalang
29,Putra Dilan,Desa Gotowasi,Kec. Maba Selatan,Sudah ,Pengeringan Teri,,,,,,,,,,,,,5a9c3124bb67b0f8be8eb4d04d34789fca34fe611a36dd40a26d33bfd0efa4c6,2c6d256fcb328c516946c19cb8494d39644915a10e8b320cf56277bf36c8914c,pengeringan teri,pengeringan,teri
30,Pengeringan Teri,Desa Gotowasi,Kec. Maba Selatan,Belum,Pengeringan Teri,,,,,,,,,,,,,ae987bfec3bf54c110055ce7ee3f5922ac4a3ef23128cd75bf679f4d7f4f3d5a,d02803616c3265279ce8c69d987d39babf799355b8038719912bdbca65190997,pengeringan teri,pengeringan,teri
31,Pengasapan julung,Desa Kasuba,Kec. Maba Selatan,Belum,Pengasapan julung,,,,,,,,,,,,,,09210971e9e4d2fd977c7520eb047fc4cf30cc708310453ca6eb7531a5be2c34,pengasapan julung,pengasapan,julung
32,Pengasapan julung,Desa Kasuba,Kec. Maba Selatan,Sudah,Pengasapan julung,,,,,,,,,,,,,,531e2771577a98ffbedc910479b5b145e16177013c3195f12587d70ee96f26b6,pengasapan julung,pengasapan,julung
33,Pengasapan julung,Desa Kasuba,Kec. Maba Selatan,Belum,Pengasapan julung,,,,,,,,,,,,,,190688e35713b8eee334686aab3eee6c29dc09f58d22b13bfe76da192f28c623,pengasapan julung,pengasapan,julung
34,Pengasapan julung,Desa Momole,Kec. Maba Selatan,Sudah,Pengasapan julung,,,,,,,,,,,,,,6d44d3dcfe20b5bf1c7f814e0dde14c8282d45f9a850eb430506599c0cb052f9,pengasapan julung,pengasapan,julung
35,Pengasapan julung,Desa Momole,Kec. Maba Selatan,Sudah,Pengasapan julung,,,,,,,,,,,,,,bfdf4a534527668d35c9a5711a5be02ad9115819fba0c82b587be84b4a7b36fa,pengasapan julung,pengasapan,julung
36,Pengasapan julung,Desa Momole,Kec. Maba Selatan,Sudah,Pengasapan julung,,,,,,,,,,,,,,b6e9aa6737463904523a6ce8d080709992801ea286a6d308882fcab3716f79af,pengasapan julung,pengasapan,julung
37,Weysa Jaya,Desa momole,Kec. Maba Selatan,Sudah,Penampung/Pengasapan,,,,,,,,,,,,,ea1181ab601bba845e59b13630ca8ca3f0213991d4a30f75e190a7333bd8d67c,ea7e3c972abd2053698266737d0ae39c097cb56cd7c79f90c02bd2dc96c85041,penampung/pengasapan,"pengasapan, penampung",
38,Tanjung Kecipis ,Desa momole,Kec. Maba Selatan,Sudah,Pengasapan julung,,,,,,,,,,,,,,029b6cc0a44947b5b56e13454cf0c6187780536c73b744ea2ada72f12774977d,pengasapan julung,pengasapan,julung
39,Pengasapan julung,Desa Momole,Kec. Maba Selatan,Sudah,Pengasapan julung,,,,,,,,,,,,,,1b5be2248bc54a2aeadbc921ebd00b4136db3edf3b88805644672695f93b2c71,pengasapan julung,pengasapan,julung
40,Poklahsar Kabailili,Desa Momole ,Kec. Maba Selatan,Sudah,Pengasapan julung,1600/400,1050.0,1225/600,800/375,900.0,850/900,,,,,,,f4022ec18e24bf65440783234317b195fc54a2bf1a2a0dab67b015cc46780d69,76d90005534f7d34fc3ac0669738090350e534c7b4f41b8b3fa625f654d18f56,pengasapan julung,pengasapan,julung
41,Pengasapan julung,Desa Sil,Kec. Maba Selatan,Belum,Pengasapan julung,,,,,,,,,,,,,,c77b42a7dd8d2ca152b6f95ac7306227ba227665f849a02bfce52aaca19ba7d6,pengasapan julung,pengasapan,julung
42,Pengasapan julung,Desa Sil,Kec. Maba Selatan,Belum,Pengasapan julung,,,,,,,,,,,,,,6d81ac5081fbd65ef05010c9c00ab84c213725faf691d9354696b3451371fda9,pengasapan julung,pengasapan,julung
43,Pengasapan julung,Desa Sil,Kec. Maba Selatan,Belum,Pengasapan julung,,,,,,,,,,,,,,b2288b833994f79a1aa70734dc7f74361e5f4661e1eedadddf873c572f374a66,pengasapan julung,pengasapan,julung
44,Pengasapan julung,Desa Sil,Kec. Maba Selatan,Sudah,Pengasapan julung,,,,,,,,,,,,,,c0c577e7401d9c7f37b20b17d6ac74d2984731057c64651b65e05301a37199fd,pengasapan julung,pengasapan,julung
45,Pengasapan julung,Desa Sowoli,Kec. Maba Selatan,Sudah,Pengasapan julung,,,,,,,,,,,,,,9653acceda87fd3661d4858831f61d952a48af0a9ecca41254221120aff8365b,pengasapan julung,pengasapan,julung
46,Poklahsar Tanjung Ubli,Desa Sowoli,Kec. Maba Selatan,Sudah,Pengasapan julung,,,,,,,,,,,,,,12b2f5919c6ec54422e8b6ccedfe85d5e6030b55e54d3d2efa3ca55d4974b1bf,pengasapan julung,pengasapan,julung
47,Amanah ,Desa Wayamli,Kec. Maba Tengah,Sudah,Abon Ikan cakalang ,,,,,,,,,,,,,73aa0d33c41601cf2aa61251b896600b9e07d23756cf05e94b66919c5678e4cd,cf5f4e6921dfcfd374570c0373ec4feea197ad5738e9c2147ab62fb43a615037,abon ikan cakalang,abon,cakalang
48,Tanjung Wis,Desa Yawanli,Kec. Maba Tengah,Sudah,Pengasapan Cakalang/Tongkol,,,,,,,,,,,,,f722f9d813577557f3320480c11f01d7605416a240cb63324170292de66ba15c,8607f7d497279797cfcfb7d47f639121a30bb1496b01b41ed2cc61524dfa632e,pengasapan cakalang/tongkol,pengasapan,"cakalang, tongkol"
49,Pengasapan julung,Desa Dorosagu,Kec. Maba Utara,Belum,Pengasapan julung,,,,,,,,,,,,,,e806ae3ccaf9233286c39635cee98fa297598f25cd0d500b5ab3709ed84f307f,pengasapan julung,pengasapan,julung
50,Pengasapan julung,Desa Dorosagu,Kec. Maba Utara,Belum,Pengasapan julung,,,,,,,,,,,,,,d4d668090050838e2c5c35892165dfaf834bebc7ce4b67b4e230707f51eefb40,pengasapan julung,pengasapan,julung
51,Pengasapan julung,Desa Dorosagu,Kec. Maba Utara,Belum,Pengasapan julung,,,,,,,,,,,,,,342749d0677199f60009b70a116932b3c2d69609a1afe8d7527b1b182eef6d16,pengasapan julung,pengasapan,julung
52,Pengasapan julung,Desa Jara Jara,Kec. Maba Utara,Belum,Pengasapan julung,,,,,,,,,,,,,,4f577bf6a187a2f784abb929a73033bbaaaece4f9822c010b0031b4bbd904944,pengasapan julung,pengasapan,julung
53,Pengasapan julung,Desa Jara Jara,Kec. Maba Utara,Belum,Pengasapan julung,,,,,,,,,,,,,,ad0c8788c43857f30ca96528f61f4ed355011449a7287d923d227fd41781af9b,pengasapan julung,pengasapan,julung
54,Pengasapan julung,Desa Jara Jara,Kec. Maba Utara,Belum,Pengasapan julung,,,,,,,,,,,,,,8bca719787f4bc59258bf9238efb50e18699e2fadc1e8da90262d8f805ac5345,pengasapan julung,pengasapan,julung
55,Pengasapan julung,Desa Jara Jara,Kec. Maba Utara,Belum,Pengasapan julung,,,,,,,,,,,,,,65670c2bce2866ba2fcef38a0af35b156630be84beae98a9bf16c7e61b1b9e0d,pengasapan julung,pengasapan,julung
56,Pengasapan julung,Desa Jara Jara,Kec. Maba Utara,Belum,Pengasapan julung,,,,,,,,,,,,,,f6ec3d4be1356c7af2f6979ca26f690f88dee44904feef1755552cbb5c59ea71,pengasapan julung,pengasapan,julung
57,Pengasapan julung,Desa Jara Jara,Kec. Maba Utara,Belum,Pengasapan julung,,,,,,,,,,,,,,cc39d90db851818e3002bd4400f5d315ef7048b48a6ae49f367153e8af1fd32b,pengasapan julung,pengasapan,julung
58,Pengasapan julung,Desa Jara Jara,Kec. Maba Utara,Belum,Pengasapan julung,,,,,,,,,,,,,,5250adda7c5b959b4620467f4bafacf593507beb068fad8c3a0e11359a2eb2c9,pengasapan julung,pengasapan,julung
59,Pengasapan julung,Desa Jara Jara,Kec. Maba Utara,Sudah,Pengasapan julung,350,240.0,350,240,180.0,540,,190.0,,135.0,,,80b0b2fb3114b8ee055cf6d2b4c1789fe5727002f46ea6ad9aa92476fad50399,dd577cb362f3292e06387c869af853924f5b66ba8b2e5100ee9e926b8c87f5d1,pengasapan julung,pengasapan,julung
60,Pengasapan julung,Desa Jara Jara,Kec. Maba Utara,Belum,Pengasapan julung,,,,,,,,,,,,,,a3cf4281ff8e599adcf64e9b7332d2271876855e8c4e4ecfa8804fbb756fa8f7,pengasapan julung,pengasapan,julung
61,Pengasapan julung,Desa Lolasita,Kec. Maba Utara,Belum,Pengasapan julung,,,,,,,,,,0.0,0.0,,,5b25239304cb6dbe3679325d5fc21006979a8c21099ce801d278e043a86522ea,pengasapan julung,pengasapan,julung
62,Pengasapan julung,Desa Lolasita,Kec. Maba Utara,Belum,Pengasapan julung,,,,,,,,,,0.0,0.0,,,5b2b43a1b8d9303b27ca9a1220052039339aabf5ecef37c4a450fa25ccaafb8f,pengasapan julung,pengasapan,julung
63,Sumber Rejiki,Desa Lolasita,Kec. Maba Utara,Sudah,Pengasapan julung,,,,,,,,,,0.0,0.0,,4ed00859ccf9578367fcdb4312a8911d51c54237082414d2e20dc4c233703f5c,348c3fe45f01040b872994ff0681b7c7b9304efdd8190081a8c128cd597cd662,pengasapan julung,pengasapan,julung
64,Maju Bersama,Desa Lolasita,Kec. Maba Utara,Sudah,Pengasapan julung,540,297.0,,,,,,,,0.0,0.0,652.0,561b54dbec50b68a3d3304334dc0c4fd5a74beedf2535e09c85d3ff6405f2103,ebfd9eb84fb2a2a0ec2394cc4ce3db514bf5e8d8c41bf6ac15d21a7e385f2457,pengasapan julung,pengasapan,julung
65,Pengasapan julung,Desa Lolasita,Kec. Maba Utara,Belum,Pengasapan julung,,,,,,,,,,0.0,0.0,,,5faafabd5ee2da88218a5c9ddcde4ae3e8ad6f172438febecd9c76f6c59fff8c,pengasapan julung,pengasapan,julung
66,Pengasapan julung,Desa Lolasita ,Kec. Maba Utara,Belum,Pengasapan julung,,,,,,,,,,0.0,0.0,,,1718c1f6e34ea241cbedbcf367098691eaa905d2bd9c00559ea9df9c9ba4a279,pengasapan julung,pengasapan,julung
67,Pengasapan julung,Desa Lolasita ,Kec. Maba Utara,Belum,Pengasapan julung,,,,,,,,,,0.0,0.0,,,c0f7b843f67020a66c5a4bc28a26fd587b510719312d78dad4d8714434e71036,pengasapan julung,pengasapan,julung
68,Pengasapan julung,Desa Lolasita ,Kec. Maba Utara,Belum,Pengasapan julung,460,540.0,,,,,,,,0.0,0.0,,,620ec2e46883cec059495290f6cb00ec2105aef7cdf93f36d694ee84b7345f8a,pengasapan julung,pengasapan,julung
69,Pengasapan julung,Desa Lolasita ,Kec. Maba Utara,Belum,Pengasapan julung,,,,,,,,,,0.0,0.0,,,adea063afae5989ef546faec24b2ecbda425b057770af5670d59670f55a1d98b,pengasapan julung,pengasapan,julung
70,Pengasapan julung,Desa Lolasita ,Kec. Maba Utara,Belum,Pengasapan julung,,,,,,,,,,0.0,0.0,,4ed00859ccf9578367fcdb4312a8911d51c54237082414d2e20dc4c233703f5c,08b7fb8ee2956f614e4e2623718e56ad48e1bfdbf049660afef532cdbbf17256,pengasapan julung,pengasapan,julung
71,Pengasapan julung,Desa Lolasita ,Kec. Maba Utara,Belum,Pengasapan julung,,,,,,,,,,0.0,0.0,,,987ffc59dfd05a57a4dc5ff41f8a114ae02499b2833a54874872cca736489301,pengasapan julung,pengasapan,julung
72,Pengasapan julung,Desa Lolasita ,Kec. Maba Utara,Belum,Pengasapan julung,250,,,,,,,,,0.0,0.0,,,504736abdf7564d749a0b44440dc30fb31e3d64ff8b6f3884f275ed555e406db,pengasapan julung,pengasapan,julung
73,Pengasapan julung,Desa Lolasita ,Kec. Maba Utara,Belum,Pengasapan julung,,,,,,,,,,0.0,0.0,,,41760dfaf844a5c34f634109c0b4014a0d290def7d29a0df6a0abc9a0e30e2ef,pengasapan julung,pengasapan,julung
74,Pengasapan julung,Desa Lolasita ,Kec. Maba Utara,Belum,Pengasapan julung,,,,,,,,,,0.0,0.0,,,1d1ce489a62f8fed8f61769bec421476ea0608643b91c610e01d32a4f1eb2954,pengasapan julung,pengasapan,julung
75,Pengasapan julung,Desa Lolasita ,Kec. Maba Utara,Belum,Pengasapan julung,,,,,,,,,,0.0,0.0,,,2564fbfe19cd091f6e8a0483b79711755b0c31a6d17001ddce41311a458b1017,pengasapan julung,pengasapan,julung
76,Pengasapan julung,Desa Lolasita ,Kec. Maba Utara,Belum,Pengasapan julung,,,,,,,,,,0.0,0.0,,,19997a31f8f984353203f08ab1dcd244b57a57be5bebac1bbe6acb2bf873b4fb,pengasapan julung,pengasapan,julung
77,Pengasapan julung,Desa Lolasita ,Kec. Maba Utara,Belum,Pengasapan julung,,,,,,,,,,0.0,0.0,,,af01a99175ca85c7ebf352f8c9e49be7766f56e7b76069925f5b0045cb4ede3e,pengasapan julung,pengasapan,julung
78,Pengasapan julung,Desa Lolasita muka SD,Kec. Maba Utara,Belum,Pengasapan julung,350,,,,,,,,,,,,,be6ca6803d31e76e1013c59678384fcbce9adf3f2bf4ff73d4222cfa347e42a6,pengasapan julung,pengasapan,julung
79,Pengasapan julung,Desa Patlean,Kec. Maba Utara,Belum,Pengasapan julung,,,,,,,,,,,,,,ab4849ea12e396dd7f573b23c3a763fa3687ed6eed135de8df88b6e7f69b8a9f,pengasapan julung,pengasapan,julung
80,Pengasapan julung,Desa Patlean,Kec. Maba Utara,Belum,Pengasapan julung,,,,,,,,,,,,,,7f92813e2d069acd22396448c3aeefff26513259a85ecc088d3d7b454cddfe9f,pengasapan julung,pengasapan,julung
81,Pengasapan julung,Desa Patlean jaya,Kec. Maba Utara,Belum,Pengasapan julung,,,,,,,,,,,,,,3fa810ff3f4b764dabe15176b43b8d2b223efd90603666ed5e4643b5fc50dc15,pengasapan julung,pengasapan,julung
82,Pengasapan julung,Desa Sosolat,Kec. Maba Utara,Belum,Pengasapan julung,,,,,,,,,,,,,,e9244551590df092fb733d5650348c35ceac72501bd3a3e3d62ad3790cde74cd,pengasapan julung,pengasapan,julung
83,Pengasapan julung,Desa Sosolat,Kec. Maba Utara,Belum,Pengasapan julung,,,,,,,,,,,,,,4595039b016ec3bb5583403bcc04e15c04f0d37385475896228dd3bdcbadbfba,pengasapan julung,pengasapan,julung
84,Pengasapan julung,Desa Sosolat,Kec. Maba Utara,Belum,Pengasapan julung,,,,,,,,,,,,,,787f13464146dcfd8b20561cc0a1931907903ae6be4a1fb065b1df00fc6343bd,pengasapan julung,pengasapan,julung
85,Poklahsar Lumba-lumba,Desa Wasileo,Kec. Maba Utara,Sudah,Pengasapan julung,,,,,,,,,,,,,,,pengasapan julung,pengasapan,julung
86,Tanjung Petak ,Desa Wasileo,Kec. Maba Utara,Sudah,Pengasapan julung,,,,,,,,,,,,,2c9b6014f1c57ab8418c4ee70867626a87ba263950171f7ce127694390eee51f,65e83acaf3a9ba94a1627f2117451f59688f5f03f858b06eba253f9ed053f6a4,pengasapan julung,pengasapan,julung
87,Lumba-lumba,Desa Wasileo,Kec. Maba Utara,Sudah,Pengasapan julung,,,,,,,,,,,,,248d024d47ba428d30746b42f75a4bb5a8b1a70fe8e0d975dc5612a6884204c1,064fce740b6e4159446e4b7de6c188ce4314bf0a15536eeb362c34367e6323cb,pengasapan julung,pengasapan,julung
88,Pengasapan julung,Desa Wasileo,Kec. Maba Utara,Belum,Pengasapan julung,,,,,,,,,,,,,,3962ec3eb8ea987e9fec8c5e5bc6eb54cccaac9fe194ef4ea133b967783654f7,pengasapan julung,pengasapan,julung
89,Pengasapan julung,Desa Wasileo,Kec. Maba Utara,Belum,Pengasapan julung,,,,,,,,,,,,,,2c704b9488013292daf696335297daea4cedec98bed5dc3f11beaddd637fef1f,pengasapan julung,pengasapan,julung
90,Sumber Reski,Desa Wasileo ,Kec. Maba Utara,Sudah,Pengasapan julung,300,650.0,,,,,,,,,,,,fec70849526230653b056836c45d9d462dfbb0eeb671144c532185621184ba05,pengasapan julung,pengasapan,julung
91,Pengasapan julung,Desa Wasileo ,Kec. Maba Utara,Belum,Pengasapan julung,,,,,,,,,,,,,,aa523f5315a0933001573300df88e0b4490e64d18ee850d1072e77cb4f37c8c0,pengasapan julung,pengasapan,julung
92,Pengeringan Teri,Desa Waisuba,Kec. Wasile,Sudah,Pengeringan Teri,,,,,,,,,,,,,,7925802722891b25199257d1f6eba4cbc776072c978be81b590b4ef44d070b7d,pengeringan teri,pengeringan,teri
93,Make Cina,Desa Waisuba,Kec. Wasile,Belum,Pengaraman ,,,,,,,,,,,,,7dcdb02a7da284d1c024f7511038b118d766b526e37c0054ba0e195c48b7913a,52e5fd4b4af988194e36db725fb5e2e3bfcc71733f1bd612595617e2597e4e0c,pengaraman,pengaraman,
94,Penggaraman Jekely,Desa Subaim,Kec. Wasile,Belum,Penggaraman Jekely,,,,,,,,,,,,,,7fd395a5e65c9b6407ba53ce05ab63d0d8e14f510e5a0252c6474bdad35ca1fa,penggaraman jekely,penggaraman,jekely
95,Silassureng,Desa Waisuba,Kec. Wasile,Belum,Penggaraman,,,,,,,,,,,,,,c7508fe90e00ab4ce921b4d05ba74a6a64865601ad5bdb02e6a371124e85f806,penggaraman,penggaraman,
96,Penggaraman Ikan Teri,Desa Waisuba,Kec. Wasile,Sudah,Penggaraman Ikan Teri,,,,,,,,,,,,,,52ccb1a9d1f6bba26520e666d270f185a507a5323f0b31793aa1c9aeb047182a,penggaraman ikan teri,penggaraman,teri
97,Ilessureng,Desa Waisuba ,Kec. Wasile,Sudah,Pengaraman ,,,,,,,,,,,,,dd03efb8eaa8865bbd318b0ffaf5df17c76102c1652160a184517bc7236ac94a,8e744822bd73176fdff71516535b28b37e7367bf6fe48dee8e5dfc6d1e970936,pengaraman,pengaraman,
98,Pengeringan Teri,Jalan Pantai Pelabuhan Feri,Kec. Wasile,Belum,Pengeringan Teri,,,,,,,,,,,,,,9d0cbe8d430242acd552c23604897a83d26afddcb384c51466a52ef8525a51e8,pengeringan teri,pengeringan,teri
99,Pengeringan Cumi dan Teri,Jalan Pantai Pelabuhan Feri,Kec. Wasile,Belum,Pengeringan Cumi dan Teri,,,,,,,,,,,,,,3e7571ba790da681bb16352abfacf09004d45998b4d19d257638f4b87544d6ef,pengeringan cumi dan teri,pengeringan,"teri, cumi"
100,Pengeringan  Teri dan Cumi,Jalan Pantai Pelabuhan Feri,Kec. Wasile,Belum,Pengeringan  Teri dan Cumi,,,,,,,,,,,,,,a56a802a516feb9853681168d2b4435075dfa296763b8f677474530e601bbd60,pengeringan teri dan cumi,pengeringan,"teri, cumi"
101,Pengeringan  Teri dan Cumi,Jalan Pantai Pelabuhan Feri,Kec. Wasile,Belum,Pengeringan  Teri dan Cumi,,,,,,,,,,,,,,9bc9b985a5e0908c988929eade2291702899b73f0a87b249ce49357584064e41,pengeringan teri dan cumi,pengeringan,"teri, cumi"
102,Pengeringan  Teri dan Cumi,Jalan Pantai Pelabuhan Feri,Kec. Wasile,Belum,Pengeringan Cumi dan Teri,,,,,,,,,,,,,,ec71cfaaae791f2971a08867ad7c18e8ceb98655baa5de3febfef9fa3f24d88e,pengeringan cumi dan teri,pengeringan,"teri, cumi"
103,Pengeringan Teri,Jalan Pantai Pelabuhan Feri,Kec. Wasile,Belum,Pengeringan Teri,,,,,,,,,,,,,,3a0f1a4c7c4f4519d3def750233b395898e342ba1389ea0e09de3917ca37b12d,pengeringan teri,pengeringan,teri
104,Pengeringan Teri,Jalan Pantai Pelabuhan Feri,Kec. Wasile,Belum,Pengeringan Teri,,,,,,,,,,,,,,d36ff5c8dba6a7ceb1205eee31803426c426447be8d5b145d8c5bf4133f2fcc3,pengeringan teri,pengeringan,teri
105,Pengeringan  Teri dan Cumi,Jalan Pantai Pelabuhan Feri,Kec. Wasile,Belum,Pengeringan  Teri dan Cumi,,,,,,,,,,,,,,61504baef2b84d10c7b0ed40b86458dfc27a69aea36b472d64bfe3b775432042,pengeringan teri dan cumi,pengeringan,"teri, cumi"
106,Pengeringan Teri,Jalan Pantai Pelabuhan Feri,Kec. Wasile,Belum,Pengeringan Teri,,,,,,,,,,,,,,512f587f8afc4ad9a9052330687b9649faa61c8cf170ab073b78f82b0c1661fa,pengeringan teri,pengeringan,teri
107,Pengeringan  Teri dan Cumi,Jalan Pantai Pelabuhan Feri,Kec. Wasile,Belum,Pengeringan Cumi dan Teri,,,,,,,,,,,,,,2dff7da090fe7ebd5a32a0865b271eddb1540b87d1c38f5c1dd3481dd626e2e8,pengeringan cumi dan teri,pengeringan,"teri, cumi"
108,Arga Bahari,Jalan Pantai Pelabuhan Feri,Kec. Wasile,Belum,Pengeringan Teri,,,,,,,,,,,,,69d959a754b7970f0d737c496b8bd23be7d8173261f12cb92ad5d575c18e8126,6eff959c7584181bf28ae3e0bf5bee3b394cbe71c0029f8f03e9051295886a44,pengeringan teri,pengeringan,teri
109,Pengeringan  Teri dan Cumi,Jalan Pantai Pelabuhan Feri,Kec. Wasile,Sudah,Pengeringan Cumi dan Teri,,,,,,,,,,,,,,e6c8ae45527a2e08248c48a20f7eac61ce378ea902bb2e999a0bf5a0f9004ca4,pengeringan cumi dan teri,pengeringan,"teri, cumi"
110,Pengeringan  Teri dan Cumi,Jalan Pantai Pelabuhan Feri,Kec. Wasile,Belum,Pengeringan Cumi dan Teri,,,,,,,,,,,,,fdaeae95e2d533e235f4ac246f67aa9614ea6064d2b3c2987555285f7eb584dc,1583dfd9f290ed08cfba68d134f74d0cd4997bf53d4f80f3f3f8071c3e06b667,pengeringan cumi dan teri,pengeringan,"teri, cumi"
111,Pengeringan Cumi dan Teri,Desa Ekor,Kec. Wasile Selatan,Belum,Pengeringan Cumi dan Teri,,,,,,,,,,,,,,0247e988733e3bc9fa19a9a07332bbcddb38ade10039a000e52a074b5293b1ea,pengeringan cumi dan teri,pengeringan,"teri, cumi"
112,Pengeringan Cumi dan Teri,Desa Ekor,Kec. Wasile Selatan,Sudah,Pengeringan Cumi dan Teri,,,,,,,,,,,,,,4ee11afd85ff80426067511b607771f2f6c22f5ca153a358934c2d7ff22a900f,pengeringan cumi dan teri,pengeringan,"teri, cumi"
113,Cahaya Rahmat,Desa Ekor,Kec. Wasile Selatan,Sudah,Pengeringan Cumi dan Teri,,,,,,,,,,,,,d5e07af5a55aac599426f6e077ea71b00cdcd3581eeb781a65574ff9c642f4f9,76797d6258966d2a7d79287db87b45e0802f71871a4adb9d3be1f47cf4787225,pengeringan cumi dan teri,pengeringan,"teri, cumi"
114,Pengeringan Cumi dan Teri,Desa Ekor,Kec. Wasile Selatan,Belum,Pengeringan Cumi dan Teri,,,,,,,,,,,,,,5553290babc19c271757248b57bc6454f8388f0f6e9c6fc4b5924a927c93d019,pengeringan cumi dan teri,pengeringan,"teri, cumi"
115,Maju Jaya,Desa Ekor,Kec. Wasile Selatan,Sudah,Penggaraman,,,,,,,,,,,,,8985b11ae1297107c0091b2b45119f78b148cdfc3409ffbb84c492bbd4c2e9b4,578661ec95efb0f569542af626d4b9f01eb9b00208203ac823189a0d2c327baf,penggaraman,penggaraman,
116,Pengeringan Cumi dan Teri,Desa Ekor,Kec. Wasile Selatan,Belum,Pengeringan Cumi dan Teri,,,,,,,,,,,,,,9f0f2f2f693838fa762a380dd214cfec34f7da51ba2303cca515ccc4a6f9ace2,pengeringan cumi dan teri,pengeringan,"teri, cumi"
117,Teluk Wasile Jaya,Desa Ekorino,Kec. Wasile Selatan,Sudah,Pengeringan Cumi dan Teri,,,,,,,,,,,,,0ab0e969b455c2a75f665111c38c24e572ba5ab9d6442e009d2d722145263201,8438649fb24ea09cb15dab96227ab3f620da0e8fe6b0e0e1ca4e7d7206df83b7,pengeringan cumi dan teri,pengeringan,"teri, cumi"
118,Pengeringan Cumi dan Teri,Desa Ekorino,Kec. Wasile Selatan,Belum,Pengeringan Cumi dan Teri,,,,,,,,,,,,,,f166226706d234dbf22ef3eda3a666a9c6a6fb249c193dd38920cc18a953dfb1,pengeringan cumi dan teri,pengeringan,"teri, cumi"
119,Pengeringan Cumi dan Teri,Desa Ekorino,Kec. Wasile Selatan,Belum,Pengeringan Cumi dan Teri,,,,,,,,,,,,,,d24ea21215151ab513525019df356c1f5a463d897d5a587f304e219e425e3612,pengeringan cumi dan teri,pengeringan,"teri, cumi"
120,Pengeringan Cumi dan Teri,Desa Ekorino,Kec. Wasile Selatan,Belum,Pengeringan Cumi dan Teri,,,,,,,,,,,,,,4f5a1c36230b4b21b56b1c748a98ee0cb15426722f64e8b1d3a3240d03733126,pengeringan cumi dan teri,pengeringan,"teri, cumi"
121,Penampung/Pembekuan Cumi,Desa Ekorino,Kec. Wasile Selatan,Belum,Penampung/Pembekuan Cumi,,,,,,,,,,,,,,40393eb03f4cac98ddc78c2bd1d4b3b846d7c663b914dcd02c14754ad076270c,penampung/pembekuan cumi,"pembekuan, penampung",cumi
122,Pengeringan Teri,Desa Loleba ,Kec. Wasile Selatan,Belum,Pengeringan Teri,,,,,,,,,,,,,,92b774ffad4e042ef55b9dcf74de3a91f430ef2c6a58f7480da1033ad80250d6,pengeringan teri,pengeringan,teri
123,Pengeringan Cumi dan Teri,Desa Nusa Ambu,Kec. Wasile Selatan,Belum,Pengeringan Cumi dan Teri,,,,,,,,,,,,,,a6d8619d90eb1c839998fb69f47728fca2d36b3377cd83b326d1de046f36ad27,pengeringan cumi dan teri,pengeringan,"teri, cumi"
124,Pembekuan Cumi,Desa Nusa Ambu,Kec. Wasile Selatan,Sudah,Pembekuan Cumi,,,,,,,,,,,,,f33c48afc87216816b2ba9d75d06c4987bf1019878454afe4195ae34d3a9501a,652890a0f710c2cd8c8442b42851784bd1e0d5624dd9b50205342de0cca11ce6,pembekuan cumi,pembekuan,cumi
125,Pengeringan Teri dan Cumi,Desa Nusa Ambu,Kec. Wasile Selatan,Sudah,Pengeringan Teri dan Cumi,,,,,,,,,,,,,81b4e1c80166e4b1b1fe1949b00be9371349dfe7baa608c5c4ad5cf6a2da5201,4b898ed8590d851a4b0585ec52d7d4fa40f8cb8fde115a45fb4dc60cb5761a0d,pengeringan teri dan cumi,pengeringan,"teri, cumi"
126,Pengeringan Teri dan Cumi,Desa Nusa Ambu,Kec. Wasile Selatan,Belum,Pengeringan Teri dan Cumi,,,,,,,,,,,,,,8a0451f1b4563e89d4d6355ac4a4609b51bb5468702da33af4b84ab91e5d81bf,pengeringan teri dan cumi,pengeringan,"teri, cumi"
127,Pengeringan Cumi dan Teri,Desa Nusa Ambu,Kec. Wasile Selatan,Belum,Pengeringan Cumi dan Teri,,,,,,,,,,,,,,e14f92b6f1bfbaee8e8a3255e52eeb332b31ab4879947c26aceaf70934a04727,pengeringan cumi dan teri,pengeringan,"teri, cumi"
128,Pengeringan Cumi dan Teri,Desa Nusa Ambu,Kec. Wasile Selatan,Belum,Pengeringan Cumi dan Teri,,,,,,,,,,,,,,116850d976892a638748dba9269a6e7441eaa03327e2ca6d264e3d330b308a58,pengeringan cumi dan teri,pengeringan,"teri, cumi"
129,Pengeringan Teri ,Desa Nusa Ambu,Kec. Wasile Selatan,Sudah,Pengeringan Teri ,,,,,,,,,,,,,,73acfe4755238eaf40f9881b35eec8c1c626a91781ffe57964dfbb95da584b99,pengeringan teri,pengeringan,teri
130,Pembekuan Cumi,Desa Nusa Ambu,Kec. Wasile Selatan,Belum,Pembekuan Cumi,,,,,,,,,,,,,f23817757acaa03ee05a12f6ebf6eb0af17b766e215daa65b6babb48a5361afa,3730691d6f98cefef5a51f4c4273f4a6c59714702c7558c273ec3de242cd65ec,pembekuan cumi,pembekuan,cumi
131,Pengeringan Teri,Desa Nusa Ambu,Kec. Wasile Selatan,Belum,Pengeringan Teri,,,,,,,,,,,,,,96ee7f0a0b4e667ef8d0d3f285dbfa84c5f378b2f22a25f46829ff432e137fd8,pengeringan teri,pengeringan,teri
132,Pengeringan Cumi ,Desa Nusa jaya,Kec. Wasile Selatan,Belum,Pengeringan Cumi,,,,,,,,,,,,,,069c0bbcbd424cebee6326f6605d69c1daad096f9965659536780600ccb3191c,pengeringan cumi,pengeringan,cumi
133,Pengeringan Cumi dan Teri,Desa Nusa Jaya,Kec. Wasile Selatan,Belum,Pengeringan Cumi dan Teri,,,,,,,,,,,,,,d65dacdf9f217068840a56bc7cbb4f21e4cfd9447e38f3af27b5873eef097bb4,pengeringan cumi dan teri,pengeringan,"teri, cumi"
134,Pengeringan Cumi,Desa Nusa Jaya,Kec. Wasile Selatan,Belum,Pengeringan Cumi,,,,,,,,,,,,,,8b416193be360dcb373c924fa57ee9361308505d884157ec66bdc608f7d7fd86,pengeringan cumi,pengeringan,cumi
135,Pengeringan Cumi ,Desa Nusa Jaya,Kec. Wasile Selatan,Belum,Pengeringan Cumi,,,,,,,,,,,,,,6af8ee0888308707dd934d98356c3810f094327220f099390a3d9dd3965c9279,pengeringan cumi,pengeringan,cumi
136,Pengeringan Teri,Desa Saramaake,Kec. Wasile Selatan,Belum,Pengeringan Teri,,,,,,,,,,,,,,ace123820c6ad26e873ad5fcaad658f200586c804b2be76974ca5a51015e4b00,pengeringan teri,pengeringan,teri
137,Pengeringan Teri dan Cumi,Desa Saramake,Kec. Wasile Selatan,Sudah,Pengeringan Teri dan Cumi,,,,,,,,,,,,,,d978da7f62b1b60d6e43201eddb6c66d1c13a214e7fdca43cb43b89c1a50fc55,pengeringan teri dan cumi,pengeringan,"teri, cumi"
138,Pengeringan Teri dan Cumi,Desa Saramake,Kec. Wasile Selatan,Belum,Pengeringan Teri dan Cumi,,,,,,,,,,,,,,a2aee23255fdb7ba8f38d9badae21110c909a192f106b438444d0e2a68d99412,pengeringan teri dan cumi,pengeringan,"teri, cumi"
139,Pengeringan Teri dan Cumi,Desa Saramake,Kec. Wasile Selatan,Belum,Pengeringan Teri dan Cumi,,,,,,,,,,,,,,035c2d0070fd1b675f350ff7b8f8ae423ed107002c94c0fda8d54a5d86e8850c,pengeringan teri dan cumi,pengeringan,"teri, cumi"
140,Pengeringan Teri dan Cumi,Desa Saramake,Kec. Wasile Selatan,Belum,Pengeringan Teri dan Cumi,,,,,,,,,,,,,,660423412c2a0a6757723756cded9388c613a25f505540b2466cbf0c1f6414ad,pengeringan teri dan cumi,pengeringan,"teri, cumi"
141,Pengeringan Teri dan Cumi,Desa Saramake,Kec. Wasile Selatan,Belum,Pengeringan Teri dan Cumi,,,,,,,,,,,,,,5543802dfce8c3105c49d759d00b3733203862436f7839c3b765d9eae1aa5d94,pengeringan teri dan cumi,pengeringan,"teri, cumi"
142,Pengeringan Teri dan Cumi,Desa Saramake,Kec. Wasile Selatan,Belum,Pengeringan Teri dan Cumi,,,,,,,,,,,,,,a04ba295a96fc6955605ae12a6ac0ac7729459f5ef3d689e41a202fc1e2df827,pengeringan teri dan cumi,pengeringan,"teri, cumi"
143,Pengeringan Teri dan Cumi,Desa Saramake,Kec. Wasile Selatan,Belum,Pengeringan Teri dan Cumi,,,,,,,,,,,,,,83e5d85e74f66701a9a12e628e2f34227b0d3dad32d36baf7e31e7b7e5b3e369,pengeringan teri dan cumi,pengeringan,"teri, cumi"
144,Pengeringan Teri dan Cumi,Desa Saramake,Kec. Wasile Selatan,Belum,Pengeringan Teri dan Cumi,,,,,,,,,,,,,,f1b9b7b3032fb6186e84798cac6b520ebd5494713e62201a02e7d89b9f9f062c,pengeringan teri dan cumi,pengeringan,"teri, cumi"
145,Pengeringan Teri dan Cumi,Desa Saramake,Kec. Wasile Selatan,Belum,Pengeringan Teri dan Cumi,,,,,,,,,,,,,,aec23bd2387636b84479374baaf701a0ed5f03194734302ac8c28a0fce07e972,pengeringan teri dan cumi,pengeringan,"teri, cumi"
146,Pengeringan Teri dan Cumi,Desa Saramake,Kec. Wasile Selatan,Belum,Pengeringan Teri dan Cumi,,,,,,,,,,,,,,ef42cc22a539a4792a3d8eac3c543c5a69cc8f44f1909b4782ed20eb92e09cd2,pengeringan teri dan cumi,pengeringan,"teri, cumi"
147,Pengeringan Teri dan Cumi,Desa Saramake,Kec. Wasile Selatan,Belum,Pengeringan Teri dan Cumi,,,,,,,,,,,,,0a0d9162028ee2ad86db0e4a9d27f4bd0a4b2bbef74d7245b851bee434f53952,53d4c0fe98b683208e8581673d98792531a302df2b02aed8a96b289f548b6b9f,pengeringan teri dan cumi,pengeringan,"teri, cumi"
148,Pengeringan Teri dan Cumi,Desa Saramake,Kec. Wasile Selatan,Belum,Pengeringan Teri dan Cumi,,,,,,,,,,,,,,833cbd712070d23b07b83b39841b7a827237baa5c4aa34045d1a50acc1a0c4ef,pengeringan teri dan cumi,pengeringan,"teri, cumi"
149,Pengeringan Teri dan Cumi,Desa Saramake,Kec. Wasile Selatan,Belum,Pengeringan Teri dan Cumi,,,,,,,,,,,,,,da0783c09c05d85c4850ee31104e0a47f5900940680729366c8f71550c096020,pengeringan teri dan cumi,pengeringan,"teri, cumi"
150,Pengeringan Teri,Desa Saramake,Kec. Wasile Selatan,Sudah,Pengeringan Teri ,,,,,,,,,,,,,,537428437d5934ef32056ccb074adcf5e5e29a182357d9a46fee888dcbe677b9,pengeringan teri,pengeringan,teri
151,Pengeringan Teri dan Cumi,Desa Saramake,Kec. Wasile Selatan,Belum,Pengeringan Teri dan Cumi,,,,,,,,,,,,,,33dc9ec838991123b921d7c369155226096bdfbf634001f09841d53aa261abc3,pengeringan teri dan cumi,pengeringan,"teri, cumi"
152,Pengeringan Teri dan Cumi,Desa Saramake,Kec. Wasile Selatan,Belum,Pengeringan Teri dan Cumi,,,,,,,,,,,,,,42ef7353b5fb990101b379bdda2c1318ca8a7660002388a4065267902b8eef09,pengeringan teri dan cumi,pengeringan,"teri, cumi"
153,Pengeringan Teri dan Cumi,Desa Saramake,Kec. Wasile Selatan,Belum,Pengeringan Teri dan Cumi,,,,,,,,,,,,,,79b6384570d010e1b0e028a9809181e39e5ddad5eee01b270c856d7b064ba369,pengeringan teri dan cumi,pengeringan,"teri, cumi"
154,Pengeringan Teri dan cumi,Desa Saramake,Kec. Wasile Selatan,Belum,Pengeringan Teri dan Cumi,,,,,,,,,,,,,6b54f308ba42020634ded41f501d2489c888fb74ceaa523715f84d77ff841d0a,aeaac33901f1047ded65ca4198a05873a60ea30b1c372d78e69574d5d506f057,pengeringan teri dan cumi,pengeringan,"teri, cumi"
155,Pengeringan Teri dan Cumi,Desa Saramake,Kec. Wasile Selatan,Sudah,Pengeringan Teri dan Cumi,,,,,,,,,,,,,,e6a4a12dc5d4dc9089c193c7f4110c537fb5b60260464d0958ae77ab82912d33,pengeringan teri dan cumi,pengeringan,"teri, cumi"
156,Pengeringan Teri dan Cumi,Desa Saramake,Kec. Wasile Selatan,Sudah,Pengeringan Teri dan Cumi,,,,,,,,,,,,,,e477c2fb7c9d4ba2d9ef2f48a6bba65049124d1011ae8ec709f6999d614cf80b,pengeringan teri dan cumi,pengeringan,"teri, cumi"
157,Pengeringan Teri dan Cumi,Desa Saramake,Kec. Wasile Selatan,Belum,Pengeringan Teri dan Cumi,,,,,,,,,,,,,,560ec48264a54ffb906159d00dffe5153c16087d4aaadfe17d070f230a605c0d,pengeringan teri dan cumi,pengeringan,"teri, cumi"
158,Pengeringan Teri dan Cumi,Desa Saramake,Kec. Wasile Selatan,Belum,Pengeringan Teri dan Cumi,,,,,,,,,,,,,d69b5ff6d40b4abe00f300f14f97453ada6556504b3f33b6a56780b1290dc9da,78a598141a57e75f12d36fbba093d3140b232b2c1c826909f0fba4879a57a44a,pengeringan teri dan cumi,pengeringan,"teri, cumi"
159,Pengeringan Teri dan Cumi ,Desa Saramake,Kec. Wasile Selatan,Sudah, Pengeringan Teri dan Cumi,,,,,,,,,,,,,,9978a3dbd68d957cef25c5034be244b50218f8d51c9ac4cad9c828e4eaf8c2f5,pengeringan teri dan cumi,pengeringan,"teri, cumi"
160,Pengeringan Teri dan Cumi,Desa Saramake,Kec. Wasile Selatan,Belum,Pengeringan Teri dan Cumi,,,,,,,,,,,,,,63619699a17fea901a11747325d8a51bf1e577958927552f9ee4d78d49f9ed5b,pengeringan teri dan cumi,pengeringan,"teri, cumi"
161,Pengeringan Teri dan Cumi,Desa Saramake,Kec. Wasile Selatan,Belum,Pengeringan Teri dan Cumi,,,,,,,,,,,,,,aa228b859e3b3ddad29c69d37c8f91416ea50ffd5b07e590adcba5b426ecfba2,pengeringan teri dan cumi,pengeringan,"teri, cumi"
162,Pengeringan Teri dan Cumi,Desa Saramake,Kec. Wasile Selatan,Belum,Pengeringan Teri dan Cumi,,,,,,,,,,,,,e401cef0c688e14ad72ce94818ba64907ccd40ec672454679d8446984a3bf56f,3456cd4f900a9b8ff23c5892b0e51bed266f96fcb49664d76042d555a4717709,pengeringan teri dan cumi,pengeringan,"teri, cumi"
163,Pengeringan Teri dan Cumi,Desa Saramake,Kec. Wasile Selatan,Belum,Pengeringan Teri dan Cumi,,,,,,,,,,,,,,9af2f140ba62eeb9e08b3bb586b41483a84c41e9b29823324757bffc3149a281,pengeringan teri dan cumi,pengeringan,"teri, cumi"
164,Pengeringan Teri dan Cumi,Desa Saramake,Kec. Wasile Selatan,Belum,Pengeringan Teri dan Cumi,,,,,,,,,,,,,,227d4b87f8cc2ec6fc9102cc09a1b59e5606c8a901f07e40c72c9af8d7343073,pengeringan teri dan cumi,pengeringan,"teri, cumi"
165,Pengeringan Teri ,Desa Saramake ,Kec. Wasile Selatan,Belum,Pengeringan Teri ,,,,,,,,,,,,,3c5d74716fc9d1760b0fe258402077338fef32d8381b46485d4c0a66f2eefaed,16f70e83c511a789fddfa49f822c075f9b428dd7dc377077a80ef11fbbfcef2b,pengeringan teri,pengeringan,teri
166,Pengeringan Cumi,Desa Sondo-sondo,Kec. Wasile Selatan,Belum,Pengeringan Cumi,,,,,,,,,,,,,,a79da07d7ea5d49f8f2db4101163db4af089a21093aa2478c3736da3b7888517,pengeringan cumi,pengeringan,cumi
167,Pengeringan Cumi,Desa Sondo-sondo,Kec. Wasile Selatan,Belum,Pengeringan Cumi,,,,,,,,,,,,,,ba21ba5e5b6512ecbc3cbbbf32297e02a3e65517a35bfe87f7563dbd1daf98a1,pengeringan cumi,pengeringan,cumi
168,Pembekuan Cumi,Desa sondo-sondo,Kec. Wasile Selatan,Belum,Pembekuan Cumi,,,,,,,,,,,,,,4d6e2983cc9acb6293eb4d0d85895b97c848bc105283d5373b0812dda43e3286,pembekuan cumi,pembekuan,cumi
169,Pengeringan Cumi,Desa Sondo-sondo,Kec. Wasile Selatan,Belum,Pengeringan Cumi,,,,,,,,,,,,,,6874c3bf7f8e870e40f747a7af64f3c0d9995be75cb36d9646017ed279bc5171,pengeringan cumi,pengeringan,cumi
170,Pengeringan/Pembekuan Cumi,Desa sondo-sondo,Kec. Wasile Selatan,Belum,Pengeringan/pembekuan cumi,,,,,,,,,,,,,8fd6336b8d477cdbe523a210aa37203ae8dd3f001c6326b2059a772294800c52,3d740caa51e32635df3ffe236b05e72eb594380499010273030001445639ab02,pengeringan/pembekuan cumi,"pengeringan, pembekuan",cumi
171,Pengeringan Cumi,Desa Sondo-sondo,Kec. Wasile Selatan,Belum,Pengeringan Cumi,,,,,,,,,,,,,,2c60994588065aa2b9d198b88950132cd516e60a16c7bd47898b148ca4e64f0b,pengeringan cumi,pengeringan,cumi
172,Pengeringan Cumi,Desa Sondo-sondo,Kec. Wasile Selatan,Belum,Pengeringan Cumi,,,,,,,,,,,,,,278c24b5f96ba595f60503ab86d863493082765e634c1789fd8a0de0c66f2c0b,pengeringan cumi,pengeringan,cumi
173,Poklahsar Nurur Hidayah,Desa Talaga Jaya,Kec. Wasile Selatan,Belum,Kerupuk Ikan Cumi/ Pengolahan Lainnya,,,,,,,,,,,,,e28cc343ec5500bdfb21e4f4816bc526adca6614f88b206ecb20968f3f90e30f,71fb8a9d53688eb5ddd3c9ba8f02d230e96ba0338d3ea2f2c20cac00fbffb2c3,kerupuk ikan cumi/ pengolahan lainnya,kerupuk,cumi
174,Pengeringan/ Penggaraman Cumi Teri,Desa Tanure,Kec. Wasile Selatan,Belum,Pengeringan/ Penggaraman Cumi Teri,,,,,,,,,,,,,,2f9ddc54f530d7155ac863960eec42e2642ebd5daf8ca68127f342f68a47bd08,pengeringan/ penggaraman cumi teri,"pengeringan, penggaraman","teri, cumi"
175,Pengeringan Cumi dan Teri,Desa Telaga Jaya,Kec. Wasile Selatan,Belum,Pengeringan Cumi dan Teri,,,,,,,,,,,,,,7217610b4dfdc526f30c7af030c7ed7ff7eccaa8f70cefb6a53e4bd873be4337,pengeringan cumi dan teri,pengeringan,"teri, cumi"
176,Pengeringan Cumi dan Teri,Desa Telaga Jaya,Kec. Wasile Selatan,Belum,Pengeringan Cumi dan Teri,,,,,,,,,,,,,,54941c517f8bd81fa7502f9a697b466b2867223017fe24c8efb3f71db24fc458,pengeringan cumi dan teri,pengeringan,"teri, cumi"
177,Pengeringan Cumi ,Desa Telaga Jaya,Kec. Wasile Selatan,Belum,Pengeringan Cumi ,,,,,,,,,,,,,,8a3a3561b361b9a20364d69a0b10d59adcef0afcbd22c9f7ac4833eec8418d63,pengeringan cumi,pengeringan,cumi
178,Pengeringan Cumi dan Teri,Desa Telaga Jaya,Kec. Wasile Selatan,Belum,Pengeringan Cumi dan Teri,,,,,,,,,,,,,,6562590799a639d09e06cee38eb01e05316297796874797fa96449af573ae5fb,pengeringan cumi dan teri,pengeringan,"teri, cumi"
179,Pengeringan Cumi ,Desa Telaga Jaya,Kec. Wasile Selatan,Sudah,Pengeringan Cumi ,,,,,,,,,,,,,,ee3d42760a37225792884272a76e998ac5bc648b9277193d4268664f9706febf,pengeringan cumi,pengeringan,cumi
180,Pengeringan Cumi ,Desa Telaga Jaya,Kec. Wasile Selatan,Belum,Pengeringan Cumi,,,,,,,,,,,,,,4a5d6f129b66b97f2f5018c9622e68a43919daa4b4017d5e16d83f3294eb0ae6,pengeringan cumi,pengeringan,cumi
181,Pengeringan Cumi ,Desa Telaga Jaya,Kec. Wasile Selatan,Belum,Pengeringan Cumi ,,,,,,,,,,,,,,c580b60689224153549f2717ceed9fc04d6512ff99b2adb30b385ce75ca42251,pengeringan cumi,pengeringan,cumi
182,Pengeringan Cumi dan Teri,Desa Telaga Jaya,Kec. Wasile Selatan,Belum,Pengeringan Cumi dan Teri,,,,,,,,,,,,,,f684c1afd4ec0a2001f789c1baaa53f3da11e9ccf916ed54317e955920114b1d,pengeringan cumi dan teri,pengeringan,"teri, cumi"
183,Pengeringan Cumi dan Teri,Desa Yawal,Kec. Wasile Selatan,Belum,Pengeringan Cumi dan Teri,,,,,,,,,,,,,,7a18590e2ac1dcb3ecb3165cb0cc86b2b28aeded18084554a275e5310ddb0b22,pengeringan cumi dan teri,pengeringan,"teri, cumi"
184,Pengeringan  Teri dan Cumi,Desa Yawal,Kec. Wasile Selatan,Belum,Pengeringan  Teri dan Cumi,,,,,,,,,,,,,,7037b664dabf27e01ef43521761f46a73b081d645927659169bf98d1e4511d7b,pengeringan teri dan cumi,pengeringan,"teri, cumi"
185,Pengeringan  Teri dan Cumi,Desa Yawal,Kec. Wasile Selatan,Belum,Pengeringan  Teri dan Cumi,,,,,,,,,,,,,,4a365e9c9bac7f5dbc0fa846bc58526b1e08551c62e92cc21b9eb4c8ae39b51d,pengeringan teri dan cumi,pengeringan,"teri, cumi"
186,Pengeringan  Teri dan Cumi,Desa Yawal,Kec. Wasile Selatan,Belum,Pengeringan  Teri dan Cumi,,,,,,,,,,,,,,43345a4c50ad72a17f4df9aa5eb8e5de26098387f7e91b967956037c413eaf41,pengeringan teri dan cumi,pengeringan,"teri, cumi"
187,Pengeringan  Teri dan Cumi,Desa Yawal,Kec. Wasile Selatan,Belum,Pengeringan  Teri dan Cumi,,,,,,,,,,,,,,fc2f190249d6a4125649143ac9cf35b62ea21582b02ed8aefbfd256e8666a3fc,pengeringan teri dan cumi,pengeringan,"teri, cumi"
188,Pengeringan  Teri dan Cumi,Desa Yawal,Kec. Wasile Selatan,Belum,Pengeringan  Teri dan Cumi,,,,,,,,,,,,,,fe03c36f329cfcadac73b4767d8409cb6bf7aeba78668ba69837c98c8546b8f4,pengeringan teri dan cumi,pengeringan,"teri, cumi"
189,Pengeringan  Teri dan Cumi,Desa Yawal,Kec. Wasile Selatan,Belum,Pengeringan  Teri dan Cumi,,,,,,,,,,,,,,6dc107df1152cdceb468bad4edfac0b47dd365833bd1fffa0e9340e38707ceb6,pengeringan teri dan cumi,pengeringan,"teri, cumi"
190,Pengeringan  Teri dan Cumi,Desa Yawal,Kec. Wasile Selatan,Belum,Pengeringan  Teri dan Cumi,,,,,,,,,,,,,,61c5f78831c1ab47c45b4fb26a11f99f549aefd4bf7e03135d3ef146d4d1af75,pengeringan teri dan cumi,pengeringan,"teri, cumi"
191,Pengeringan  Teri dan Cumi,Desa Yawal,Kec. Wasile Selatan,Belum,Pengeringan  Teri dan Cumi,,,,,,,,,,,,,,8fe1f03ffcdc53a77105ea1f1e10f76b12e1b42eef5781daf98dbd92e01d6984,pengeringan teri dan cumi,pengeringan,"teri, cumi"
192,Pengeringan Teri dan Cumi,Desa Yawal,Kec. Wasile Selatan,Belum,Pengeringan Teri dan Cumi,,,,,,,,,,,,,,a8628d00d1b2c517bb6ad4d916a611a7fd6118783b060fffa9f31a71f5379ea4,pengeringan teri dan cumi,pengeringan,"teri, cumi"
193,Pengeringan  Teri dan Cumi,Desa Yawal,Kec. Wasile Selatan,Belum,Pengeringan  Teri dan Cumi,,,,,,,,,,,,,,8947166fd21dac6a5af981284229fa7d95e47aaa43b8e7d46fa89d4520cc9bfc,pengeringan teri dan cumi,pengeringan,"teri, cumi"
194,Dasa Mandiri,Desa Akedaga,Kec. Wasile Timur,Sudah,Kerupuk Ikan Tenggiri/ Pengolahan Lainnya,,,,,,,,,,,,,904c2d15f57b568782e67f40c31c3e81dbe8860152629b2a4a68c80aa5c57446,f44890420bfb605a43889497cec787a008c8ba5ec2e05108c8e401bd4628f148,kerupuk ikan tenggiri/ pengolahan lainnya,kerupuk,tenggiri
195,Pengasapan cakalang,Desa Waci,Kec. Maba Selatan,,Pengasapan cakalang,,,,,,,,,,,,,cd482f34e80743c8c481112acc185e0dc6313f651a3fa9fa4e2f721a5d1673d7,4e78a9bb3098da2e210632ef56488515cdc21b8f255efcfb80dbf35949e7b7a8,pengasapan cakalang,pengasapan,cakalang
196,Tuna Usaha,Desa Labi - Labi,Kec. Wasile Utara,Sudah,Pengasapan Cakalang,,,,,,,,,,,,,ee6619c1ed0ecc6153f63e0688112d45f385097cd5121a630958275b60038796,b781f0298f5ee7e05e5e9fbc02fb7194ad6fffe5c927ee7dd1b60fcc2ab449e8,pengasapan cakalang,pengasapan,cakalang
197,Al-Furqon,Desa Dodaga,Kec. Wasile Timur,,Abon Ikan,,,,,,,,,,,,,,9e9360e5435a7870ca94acb07c79f701ffe10b58fa0728912a92068a1e89f804,abon ikan,abon,
198,Melati,Desa Buli,Kec. Maba,Sudah,Pengasapan Ikan Cakalang,,,,,,,,,,,,,a01337e76e24a0d2c5d11826e0a47b16d83cb977042d2bcbe5f59f94cabd0907,697173921ea373e2d38623c78dc95c43eb31f158869d2c9b52261552785ef9ca,pengasapan ikan cakalang,pengasapan,cakalang
199,Kakap Merah,Desa Buli,Kec. Maba,Belum,Pengasapan Ikan Cakalang,,,,,,,,,,,,,7672ef03ee121e945f4986d7e3a9201a094b0a9154a20f35e7fcd4c5842d3e2f,32ba806b246e476c73e54782b8b146b2fa93773f00059dbe588383450a23c75d,pengasapan ikan cakalang,pengasapan,cakalang
200,Pengasapan julung,Desa Sowoli,Kec. Maba Selatan,Belum,Pengasapan julung,,,,,,,,,,,,,f386d06503f364ef3cbc4a77da7cf35126705ebe8788b0cf8b5175a3f68dfb98,9958b535652bdff8d044def3033db3714405146fcf1cf9a2b9515c180b21214d,pengasapan julung,pengasapan,julung
201,Pengasapan julung,Desa Sowoli,Kec. Maba Selatan,Belum,Pengasapan julung,,,,,,,,,,,,,,246b5669092239d1fdaf4fb1066d9879fa8d1ab858f8616bd0de99afa4505d51,pengasapan julung,pengasapan,julung
202,Usaha Bersama,Desa Gotowasi,Kec. Maba Selatan,Sudah ,Pengeringan Teri,,,,,,,,,,,,,99fbad44b36948feecb081a7df107efe8f73cfb034bd2cec945d716044dabefb,ab8a96f574ee77334045e14fafa07b6115853aa47c2a71f3280cdd572caa7d16,pengeringan teri,pengeringan,teri
203,Sumber Rezeki,Desa Mekar Sari,Kec. Wasile,Sudah ,Pengasapan Cakalang/Penampung,,,,,15.0,77,248.0,187.0,245.0,225.0,,,1ecd14a6fdd6e53c86051231a9353836480b49245d1f7821983e2b49f46316c9,74584f7b284e996be4c23b21549f411d3a2651d5eb12501580383e6481087a97,pengasapan cakalang/penampung,"pengasapan, penampung",cakalang
204,Pengasapan julung,Desa Bololo,Kec. Wasile Utara,,Pengasapan julung,,,,,,,,,,,,,,d1f85a5f7585b279199ba04e01806fbac3e929837d046d569ad644b28a431875,pengasapan julung,pengasapan,julung
205,Pengasapan julung,Desa Bololo,Kec. Wasile Utara,,Pengasapan julung,,,,,,,,,,,,,,1a99a7b7d114f373effbb59bad33815f3679ad82ebecb62ed161ed6b64be3985,pengasapan julung,pengasapan,julung
206,Pengeringan Teri,Desa Buli,Kec. Maba,,Pengeringan Teri,,,,,,,,,,,,,,a759ff0458b59b0a4f333514667dbe6e372f8d6058d2786e8696bea03b68b42f,pengeringan teri,pengeringan,teri
207,Pengeringan Teri,Desa Buli,Kec. Maba,,Pengeringan Teri,,,,,,,,,,,,,,af5bf4473616d6e3fe9cb5edaaa19579b3d4dbadfde9844c117de26e1e11d1ab,pengeringan teri,pengeringan,teri
208,Pengasapan cakalang,Desa Dodaga,Kec. Wasile Timur,,Pengasapan Cakalang,,,,,,,,,,,,,,e698e8b14073b63d17feae25ccace0e02038f8800a54f5b4ae89fa2a044816d7,pengasapan cakalang,pengasapan,cakalang
